id,RXCUI
DDInter1263,7243
DDInter1,190521
DDInter58,612
DDInter112,358255
DDInter138,18516
DDInter270,214342
DDInter271,1897
DDInter582,1433868
DDInter975,90176
DDInter380,2541
DDInter393,21212
DDInter416,2623
DDInter513,3264
DDInter1005,6102
DDInter1019,68244
DDInter1119,6582
DDInter1120,6585
DDInter1164,6809
DDInter1209,6932
DDInter1717,10156
DDInter1881,72610
DDInter1961,11413
DDInter195,1514
DDInter52,85248
DDInter246,19831
DDInter252,42347
DDInter385,35255
DDInter519,816346
DDInter581,68091
DDInter601,10402
DDInter629,1547220
DDInter676,283742
DDInter831,4815
DDInter840,26237
DDInter885,5492
DDInter1022,17128
DDInter1070,1100699
DDInter1258,1876597
DDInter1261,1551777
DDInter1269,274332
DDInter1300,61805
DDInter1340,7646
DDInter1342,26225
DDInter1388,40790
DDInter1472,33738
DDInter1513,8638
DDInter1515,8640
DDInter1559,114979
DDInter1581,73044
DDInter1615,1665496
DDInter1646,857974
DDInter1665,36514
DDInter1675,36567
DDInter1811,10612
DDInter1855,10759
DDInter5,614391
DDInter6,83929
DDInter1201,1491625
DDInter8,1100072
DDInter518,3268
DDInter712,4278
DDInter717,4328
DDInter1018,6218
DDInter1055,82122
DDInter1088,6468
DDInter1197,6915
DDInter1202,6922
DDInter1382,70561
DDInter1389,7895
DDInter1443,155122
DDInter1621,84108
DDInter225,1712
DDInter124,1151
DDInter1377,56946
DDInter1622,301542
DDInter991,6064
DDInter598,3640
DDInter1783,10395
DDInter1941,11246
DDInter722,4337
DDInter136,1223
DDInter397,21232
DDInter543,3361
DDInter896,153970
DDInter1126,6664
DDInter1244,7052
DDInter1253,31447
DDInter1447,8152
DDInter1535,8761
DDInter1647,9601
DDInter1886,236778
DDInter833,1368451
DDInter1112,29151
DDInter1113,29155
DDInter1118,6581
DDInter1309,42319
DDInter1568,9143
DDInter11,16681
DDInter222,358258
DDInter548,3390
DDInter839,50610
DDInter917,114289
DDInter947,75917
DDInter948,72257
DDInter1042,42375
DDInter1074,10814
DDInter1247,139462
DDInter1276,134527
DDInter1323,7617
DDInter1404,34132
DDInter1412,278739
DDInter1460,8183
DDInter1661,56188
DDInter1800,4952
DDInter1967,115698
DDInter1066,6387
DDInter1453,8163
DDInter362,2400
DDInter825,25789
DDInter834,1546438
DDInter932,274783
DDInter940,86009
DDInter1497,8591
DDInter527,3289
DDInter16,173
DDInter12,149
DDInter364,2404
DDInter652,3992
DDInter826,4821
DDInter1826,10633
DDInter1828,10635
DDInter1217,30009
DDInter14,161
DDInter263,1886
DDInter556,23088
DDInter1262,7242
DDInter429,2670
DDInter84,725
DDInter116,304962
DDInter132,38400
DDInter187,1422
DDInter243,1760
DDInter521,352372
DDInter526,3288
DDInter547,3389
DDInter557,3418
DDInter591,3637
DDInter606,1489913
DDInter665,4025
DDInter776,25255
DDInter846,5036
DDInter915,1114326
DDInter981,6011
DDInter982,6023
DDInter985,27946
DDInter1064,10582
DDInter1073,190376
DDInter1078,700810
DDInter1189,6901
DDInter1194,6911
DDInter1213,6963
DDInter1220,588250
DDInter536,22892
DDInter1375,7824
DDInter1439,33272
DDInter1440,8123
DDInter1458,8175
DDInter1476,33767
DDInter1526,8702
DDInter1606,9392
DDInter1631,1922448
DDInter1635,36117
DDInter1653,9639
DDInter1769,10368
DDInter1845,10734
DDInter1927,39786
DDInter1841,10689
DDInter15,167
DDInter85,732
DDInter168,1348
DDInter18,194
DDInter19,197
DDInter4,301739
DDInter31,296
DDInter42,236083
DDInter44,17300
DDInter78,704
DDInter82,722
DDInter93,596724
DDInter109,1043
DDInter128,42328
DDInter157,18631
DDInter251,1819
DDInter359,2393
DDInter363,2403
DDInter384,2551
DDInter388,2556
DDInter406,2592
DDInter419,2626
DDInter485,3109
DDInter496,83816
DDInter537,3355
DDInter575,3541
DDInter580,49247
DDInter583,135447
DDInter603,3648
DDInter608,72625
DDInter624,195085
DDInter644,3925
DDInter647,306266
DDInter655,3995
DDInter667,337525
DDInter670,4053
DDInter699,24605
DDInter721,4331
DDInter743,4450
DDInter758,4493
DDInter760,4496
DDInter763,4502
DDInter765,4508
DDInter779,33562
DDInter802,4637
DDInter810,328134
DDInter842,83719
DDInter853,5093
DDInter895,5553
DDInter901,41289
DDInter912,5691
DDInter921,5781
DDInter1010,35827
DDInter1139,6693
DDInter1140,6694
DDInter1166,6813
DDInter1215,6964
DDInter1230,15996
DDInter1266,7258
DDInter1290,7407
DDInter1294,31805
DDInter1316,7531
DDInter1326,61381
DDInter1355,32592
DDInter1414,68446
DDInter1420,7994
DDInter1432,8076
DDInter1478,8356
DDInter1527,8704
DDInter1532,8742
DDInter1538,8782
DDInter1543,8886
DDInter1556,9068
DDInter1557,9071
DDInter1570,35829
DDInter1605,35636
DDInter1702,495881
DDInter1704,9947
DDInter1729,10237
DDInter1734,10318
DDInter1735,42316
DDInter1744,10324
DDInter1770,42330
DDInter1791,10438
DDInter1796,10502
DDInter1821,57258
DDInter1831,10636
DDInter1837,38409
DDInter1851,10737
DDInter1859,10763
DDInter1866,10800
DDInter1867,10805
DDInter1876,10834
DDInter1918,306674
DDInter1946,121243
DDInter386,319864
DDInter458,3008
DDInter1212,6960
DDInter1254,31448
DDInter1493,333848
DDInter1505,746741
DDInter1612,68139
DDInter1716,10154
DDInter1951,11289
DDInter66,641
DDInter98,17941
DDInter129,343047
DDInter179,1369
DDInter188,19008
DDInter248,1808
DDInter288,78903
DDInter298,40048
DDInter316,83682
DDInter335,2194
DDInter344,318341
DDInter360,2396
DDInter365,2409
DDInter387,2555
DDInter413,32968
DDInter438,302285
DDInter554,3407
DDInter770,42355
DDInter790,4603
DDInter815,1596450
DDInter883,5487
DDInter889,5495
DDInter916,5764
DDInter1008,6135
DDInter1174,6851
DDInter1199,6916
DDInter1236,30125
DDInter1251,68149
DDInter1277,7299
DDInter1283,7337
DDInter1285,53654
DDInter1713,10109
DDInter1758,274786
DDInter1822,10627
DDInter1861,10772
DDInter21,16818
DDInter22,1303098
DDInter1149,107770
DDInter1544,2107310
DDInter1123,6628
DDInter1545,8896
DDInter632,1653781
DDInter23,19959
DDInter1498,54993
DDInter256,477631
DDInter257,19860
DDInter435,898492
DDInter25,281
DDInter1291,7417
DDInter27,327361
DDInter130,1202
DDInter197,1520
DDInter216,19484
DDInter303,2116
DDInter507,3251
DDInter641,3920
DDInter646,60307
DDInter675,49737
DDInter845,26296
DDInter1013,6185
DDInter1099,6475
DDInter1130,6673
DDInter1200,6918
DDInter1539,8787
DDInter1582,9260
DDInter1793,10471
DDInter1809,10600
DDInter1829,72937
DDInter1852,343048
DDInter102,1300486
DDInter164,18747
DDInter900,5640
DDInter1725,9524
DDInter1916,11124
DDInter749,25120
DDInter32,1430438
DDInter1061,6373
DDInter1489,8536
DDInter34,338817
DDInter38,70223
DDInter40,299635
DDInter41,117055
DDInter68,644
DDInter79,17767
DDInter90,228656
DDInter94,72435
DDInter177,18867
DDInter202,233272
DDInter223,75207
DDInter293,2002
DDInter336,140587
DDInter392,44157
DDInter412,2599
DDInter433,2685
DDInter561,3443
DDInter592,49276
DDInter623,356988
DDInter638,3827
DDInter656,298869
DDInter682,4103
DDInter687,214555
DDInter781,50166
DDInter844,5033
DDInter909,282388
DDInter923,191831
DDInter993,33910
DDInter1079,29046
DDInter1095,52175
DDInter1152,6757
DDInter1167,6826
DDInter1226,6984
DDInter1237,30131
DDInter1268,354770
DDInter1287,7396
DDInter1298,7435
DDInter1305,7476
DDInter1330,321064
DDInter1357,7779
DDInter1423,8004
DDInter1511,8629
DDInter1548,9000
DDInter1565,35296
DDInter1589,55672
DDInter1607,85762
DDInter1613,232158
DDInter1650,9624
DDInter1707,9997
DDInter1775,10379
DDInter1804,10594
DDInter1843,38454
DDInter1887,115552
DDInter1910,278567
DDInter1915,69749
DDInter1928,11170
DDInter1943,11256
DDInter1091,28889
DDInter35,430
DDInter36,1534763
DDInter63,17652
DDInter118,89013
DDInter125,784649
DDInter126,1431738
DDInter228,1147320
DDInter300,1667655
DDInter383,2550
DDInter445,376
DDInter472,3102
DDInter482,460132
DDInter535,3327
DDInter577,3616
DDInter584,3628
DDInter604,11636
DDInter650,3966
DDInter679,4083
DDInter681,4089
DDInter690,448
DDInter701,14584
DDInter704,141704
DDInter747,4452
DDInter777,358262
DDInter783,72236
DDInter809,228476
DDInter813,138099
DDInter864,50975
DDInter907,73178
DDInter931,139825
DDInter986,6038
DDInter1021,68092
DDInter1084,28872
DDInter1093,1300701
DDInter1102,2275602
DDInter1104,1040028
DDInter1137,1000112
DDInter1141,29451
DDInter1151,6756
DDInter1159,6779
DDInter1162,6805
DDInter1168,29648
DDInter1175,6852
DDInter1176,6853
DDInter1191,6902
DDInter1214,1919083
DDInter1259,7240
DDInter1286,7393
DDInter1311,7512
DDInter1313,7517
DDInter1325,7623
DDInter1335,27100
DDInter1348,37925
DDInter1381,679314
DDInter1398,1364105
DDInter1490,8565
DDInter1529,8727
DDInter1533,8745
DDInter1537,8770
DDInter1553,51272
DDInter1555,9066
DDInter1640,83395
DDInter1678,35302
DDInter1705,18469
DDInter1763,657797
DDInter1766,2274803
DDInter1773,1044584
DDInter1817,190548
DDInter1880,38782
DDInter1947,194337
DDInter367,2418
DDInter265,1889
DDInter268,1894
DDInter662,4018
DDInter43,480
DDInter775,321208
DDInter778,1731071
DDInter780,4550
DDInter59,480639
DDInter636,1545653
DDInter212,1596
DDInter812,4719
DDInter1459,33408
DDInter1344,7676
DDInter1299,31819
DDInter280,1373458
DDInter474,1488564
DDInter46,325646
DDInter622,3752
DDInter1054,6375
DDInter1255,7226
DDInter1279,7315
DDInter1417,7973
DDInter1971,39998
DDInter343,20610
DDInter48,519
DDInter49,279645
DDInter51,1368001
DDInter292,1998
DDInter1431,54552
DDInter533,3319
DDInter1834,38404
DDInter71,677
DDInter405,44151
DDInter1033,27169
DDInter1360,32624
DDInter1516,187832
DDInter1521,8691
DDInter1874,10829
DDInter1177,6854
DDInter1206,6926
DDInter1792,10450
DDInter1962,40575
DDInter607,1551291
DDInter669,1992672
DDInter706,60548
DDInter734,1111103
DDInter930,1670007
DDInter1077,475968
DDInter1082,1440051
DDInter1506,139953
DDInter1593,35619
DDInter53,2169285
DDInter1679,593411
DDInter1411,2046360
DDInter54,596
DDInter55,598
DDInter1639,753340
DDInter1730,37418
DDInter56,8410
DDInter57,5296
DDInter1549,684879
DDInter258,1841
DDInter531,22713
DDInter602,233698
DDInter884,5489
DDInter890,3423
DDInter1062,6378
DDInter1150,6754
DDInter1257,7238
DDInter1366,7804
DDInter1372,7814
DDInter1421,8001
DDInter60,620
DDInter350,2346
DDInter378,83171
DDInter456,3002
DDInter1383,1546406
DDInter1968,77655
DDInter62,358274
DDInter75,7833
DDInter76,703
DDInter77,46303
DDInter133,83367
DDInter81,719
DDInter558,3429
DDInter83,723
DDInter498,3154
DDInter1224,6980
DDInter1252,7145
DDInter1374,7821
DDInter1522,8698
DDInter830,25916
DDInter89,733
DDInter346,44281
DDInter395,2578
DDInter517,22696
DDInter600,3642
DDInter970,7213
DDInter1528,8718
DDInter226,2167673
DDInter1870,10811
DDInter1231,42331
DDInter149,18600
DDInter211,1589
DDInter245,1767
DDInter297,20220
DDInter459,3013
DDInter480,136198
DDInter1134,6676
DDInter1429,283753
DDInter1878,10847
DDInter1879,10849
DDInter718,8703
DDInter865,27084
DDInter307,2129
DDInter832,4910
DDInter107,1999574
DDInter1115,52356
DDInter1223,6972
DDInter108,1364430
DDInter199,19257
DDInter305,20352
DDInter355,2356
DDInter401,21241
DDInter411,2598
DDInter414,235408
DDInter454,21949
DDInter457,3007
DDInter502,62174
DDInter504,3247
DDInter534,3322
DDInter569,3498
DDInter1913,11118
DDInter593,3638
DDInter658,83515
DDInter668,325642
DDInter685,461016
DDInter691,4118
DDInter716,4316
DDInter720,24853
DDInter762,4501
DDInter850,26412
DDInter943,5880
DDInter944,202912
DDInter945,612937
DDInter946,59744
DDInter949,5882
DDInter972,83818
DDInter989,6058
DDInter990,28004
DDInter1072,1388
DDInter1092,6470
DDInter1124,6646
DDInter1154,6760
DDInter1157,29561
DDInter1274,31565
DDInter1295,7426
DDInter1304,4917
DDInter1356,7778
DDInter1359,7781
DDInter1397,32937
DDInter1407,120608
DDInter1408,253453
DDInter1444,8149
DDInter1448,8153
DDInter1462,8299
DDInter1470,8331
DDInter1471,8332
DDInter1475,8340
DDInter1554,35208
DDInter1579,73032
DDInter1597,9386
DDInter1610,183379
DDInter1662,36437
DDInter1718,56795
DDInter1745,77492
DDInter1759,73494
DDInter1761,10355
DDInter1832,119565
DDInter1860,10767
DDInter1872,10828
DDInter1957,74667
DDInter1970,39993
DDInter110,14845
DDInter249,1815
DDInter254,1827
DDInter341,596723
DDInter351,2348
DDInter475,3108
DDInter627,231049
DDInter695,4135
DDInter843,5021
DDInter998,6069
DDInter1098,6472
DDInter1233,7004
DDInter1256,7233
DDInter1620,35780
DDInter1666,136411
DDInter1765,10362
DDInter1936,11198
DDInter1937,11202
DDInter1939,39541
DDInter1955,114970
DDInter508,22656
DDInter119,641465
DDInter120,18330
DDInter1103,847728
DDInter162,1292
DDInter1636,36118
DDInter1619,72302
DDInter1888,10898
DDInter1319,1798288
DDInter348,2323
DDInter1371,7813
DDInter1709,10032
DDInter99,40028
DDInter573,3521
DDInter544,3364
DDInter551,3393
DDInter605,352374
DDInter897,115264
DDInter898,262323
DDInter1135,6678
DDInter1424,155046
DDInter1585,76895
DDInter1604,55685
DDInter1712,10106
DDInter1764,259280
DDInter1838,263010
DDInter1905,11055
DDInter1929,118886
DDInter115,87866
DDInter117,15202
DDInter659,75635
DDInter1037,237057
DDInter1143,41493
DDInter1426,8013
DDInter1451,8160
DDInter1818,73137
DDInter134,60212
DDInter1531,2382
DDInter848,50675
DDInter139,1227
DDInter141,1291301
DDInter147,1242999
DDInter150,1256
DDInter156,1091642
DDInter1186,6878
DDInter161,1291
DDInter273,47613
DDInter276,1908
DDInter278,47622
DDInter279,1919
DDInter1114,6579
DDInter1116,52358
DDInter163,2099995
DDInter1965,58300
DDInter1966,39954
DDInter241,19737
DDInter295,2015
DDInter309,2176
DDInter315,25037
DDInter339,2231
DDInter394,21216
DDInter541,3356
DDInter1009,6142
DDInter1303,7454
DDInter1358,32613
DDInter1721,10171
DDInter1723,10179
DDInter1727,10207
DDInter165,2047232
DDInter166,196102
DDInter61,623
DDInter74,689
DDInter306,140108
DDInter432,141626
DDInter590,23651
DDInter596,3639
DDInter696,4136
DDInter705,258494
DDInter759,4494
DDInter847,40114
DDInter973,51499
DDInter995,28031
DDInter1051,259453
DDInter1185,6876
DDInter1235,30077
DDInter1242,88249
DDInter1442,8134
DDInter1510,8628
DDInter1564,596205
DDInter1592,35617
DDInter1736,358263
DDInter1767,37798
DDInter1789,10432
DDInter1890,10917
DDInter1933,14851
DDInter172,1112973
DDInter173,1092437
DDInter260,47579
DDInter410,2597
DDInter672,321988
DDInter740,4441
DDInter788,228783
DDInter1239,7019
DDInter1267,141366
DDInter1271,31555
DDInter1430,8047
DDInter1534,8754
DDInter1611,88014
DDInter1778,10390
DDInter1798,10510
DDInter1954,220982
DDInter1969,135775
DDInter707,341248
DDInter1180,89785
DDInter204,83008
DDInter205,1999660
DDInter637,276237
DDInter170,1364504
DDInter192,1436
DDInter224,1307619
DDInter262,1363268
DDInter379,21107
DDInter448,1148495
DDInter484,475342
DDInter493,475230
DDInter649,1307298
DDInter666,1045453
DDInter708,1112990
DDInter852,50749
DDInter893,5521
DDInter927,1942950
DDInter1024,480167
DDInter1069,1307404
DDInter1083,28863
DDInter1293,662281
DDInter1387,1603350
DDInter1400,714438
DDInter1467,1791685
DDInter1494,282446
DDInter1520,8687
DDInter1523,8699
DDInter1524,8700
DDInter1595,1102270
DDInter1616,877510
DDInter1664,36453
DDInter1683,36676
DDInter1696,322167
DDInter1731,357977
DDInter1756,473837
DDInter1903,11002
DDInter1917,1098413
DDInter1925,1147220
DDInter576,3554
DDInter689,4110
DDInter694,4127
DDInter702,4179
DDInter757,4492
DDInter1128,6672
DDInter1354,7773
DDInter1474,8339
DDInter1509,42463
DDInter1710,59763
DDInter1853,10753
DDInter217,60819
DDInter219,1622
DDInter220,1597258
DDInter489,11645
DDInter553,3403
DDInter631,711942
DDInter698,1356715
DDInter1045,2376944
DDInter1399,1716203
DDInter1419,7975
DDInter771,4511
DDInter1799,235479
DDInter1808,11476
DDInter1004,6099
DDInter1334,32385
DDInter231,1658314
DDInter233,1921217
DDInter239,1739745
DDInter240,1872251
DDInter562,3444
DDInter255,1828
DDInter1660,1991302
DDInter272,1901
DDInter92,742
DDInter396,233603
DDInter452,2970
DDInter657,8814
DDInter882,5470
DDInter908,40138
DDInter1205,266604
DDInter1282,19666
DDInter1667,720825
DDInter1827,10634
DDInter281,853491
DDInter284,2045371
DDInter285,194000
DDInter1188,29899
DDInter301,2101
DDInter302,2105
DDInter319,25033
DDInter323,2186
DDInter326,20489
DDInter327,19552
DDInter330,2191
DDInter334,2193
DDInter338,2265690
DDInter340,1535457
DDInter342,709271
DDInter408,2594
DDInter1228,1367839
DDInter1840,1716278
DDInter1025,392509
DDInter366,2410
DDInter1396,7934
DDInter369,1440856
DDInter24,272
DDInter447,2907
DDInter1173,6847
DDInter381,407990
DDInter354,2354
DDInter453,2977
DDInter738,4440
DDInter1146,6719
DDInter1349,7715
DDInter1365,32675
DDInter1441,33283
DDInter1637,36108
DDInter1833,358257
DDInter398,2582
DDInter418,2625
DDInter611,228790
DDInter732,87636
DDInter854,5095
DDInter904,5650
DDInter1207,6927
DDInter1234,7005
DDInter1394,73710
DDInter1724,10180
DDInter390,21183
DDInter1464,1546457
DDInter158,1272
DDInter159,18687
DDInter310,2177
DDInter312,2178
DDInter314,2180
DDInter317,20481
DDInter320,2182
DDInter321,2183
DDInter322,2184
DDInter324,2187
DDInter325,2189
DDInter329,1040004
DDInter331,20492
DDInter332,2192
DDInter434,2708
DDInter467,1539239
DDInter468,897018
DDInter477,22299
DDInter511,734064
DDInter586,119771
DDInter677,4077
DDInter791,25480
DDInter1036,1603296
DDInter1059,1433212
DDInter1071,6398
DDInter1090,28981
DDInter1169,6832
DDInter1275,274771
DDInter1317,7538
DDInter1347,1547611
DDInter1363,20976
DDInter1409,1546168
DDInter1416,7966
DDInter1547,8987
DDInter1558,229367
DDInter1706,270
DDInter1722,10173
DDInter1746,787390
DDInter1803,10591
DDInter1805,384455
DDInter1875,42333
DDInter1935,1086769
DDInter1948,1455099
DDInter1956,3363
DDInter424,1306284
DDInter425,1722365
DDInter431,2683
DDInter1315,7518
DDInter462,1424911
DDInter464,1606218
DDInter466,3100
DDInter473,3105
DDInter1353,1370971
DDInter488,614373
DDInter715,24812
DDInter741,1665509
DDInter1726,10205
DDInter1755,1102261
DDInter492,22396
DDInter495,1927663
DDInter499,214470
DDInter512,1876905
DDInter1136,29421
DDInter1386,263034
DDInter520,48937
DDInter549,23024
DDInter1572,134748
DDInter571,3500
DDInter578,72962
DDInter1243,40169
DDInter587,337623
DDInter595,11516
DDInter1172,6845
DDInter1871,10827
DDInter609,1876376
DDInter610,1919503
DDInter72,683
DDInter613,3714
DDInter621,1599538
DDInter1046,114477
DDInter997,1243041
DDInter221,1102129
DDInter703,475969
DDInter980,1608322
DDInter1035,342369
DDInter1085,1364479
DDInter1087,2467553
DDInter1125,620216
DDInter1229,1300786
DDInter1477,1592254
DDInter1609,1114195
DDInter1627,69036
DDInter1733,1547099
DDInter1768,37801
DDInter1802,1116632
DDInter1835,57308
DDInter731,797195
DDInter905,1544460
DDInter1327,1597582
DDInter1479,861634
DDInter1673,1482790
DDInter1711,2054968
DDInter1815,69120
DDInter1899,1487514
DDInter633,1306286
DDInter992,6066
DDInter1517,2198359
DDInter1600,1439816
DDInter1771,1310520
DDInter640,2049106
DDInter642,2277607
DDInter1031,1591922
DDInter1052,42955
DDInter950,5924
DDInter1089,195088
DDInter1100,623033
DDInter1101,1655922
DDInter1131,274403
DDInter1260,31479
DDInter1193,6904
DDInter910,84959
DDInter373,21009
DDInter837,819300
DDInter1337,302379
DDInter1563,719872
DDInter1594,763450
DDInter1608,121191
DDInter1652,1599788
DDInter1668,1535218
DDInter1824,612865
DDInter1825,1357536
DDInter1907,847083
DDInter1923,1538097
DDInter1541,8794
DDInter1284,1552337
DDInter1160,6782
DDInter1142,6711
DDInter1596,35623
DDInter1614,1091836
DDInter1336,2059269
DDInter1690,9899
DDInter1198,29950
DDInter1385,7883
DDInter1473,33742
DDInter1922,71535
DDInter1410,1011650
DDInter1405,338036
DDInter1406,1248798
DDInter1465,8328
DDInter1518,8686
DDInter469,229369
DDInter1663,214824
DDInter1963,58295
DDInter374,59308
DDInter441,1945077
DDInter1331,1546059
DDInter1700,56570
DDInter1550,9010
DDInter1693,36721
DDInter1352,1721560
DDInter1924,1799206
DDInter1552,35185
DDInter1806,2053436
DDInter1934,1424884
DDInter1940,1242987
DDInter849,1928588
DDInter922,2373951
DDInter977,27823
DDInter1003,1745099
DDInter1238,2054068
DDInter1321,1876366
DDInter1641,2059018
DDInter1643,1923319
DDInter215,19478
DDInter1501,34318
DDInter983,6026
DDInter961,5966
DDInter1016,28395
DDInter744,4451
DDInter1007,6130
DDInter1480,2197878
DDInter1492,1364347
DDInter1891,2361285
DDInter1897,1005921
DDInter1926,1747556
DDInter1576,1312397
DDInter811,12574
DDInter814,1294580
DDInter1163,59078
DDInter1020,28439
DDInter1032,2198944
DDInter1053,356887
DDInter460,3041
DDInter463,3098
DDInter742,4488
DDInter745,24698
DDInter894,5552
DDInter1133,6674
DDInter1144,6718
DDInter1156,103
DDInter1232,632
DDInter1425,8011
DDInter1714,10114
DDInter1762,37776
DDInter1902,10996
DDInter1685,9863
DDInter114,61609
DDInter1181,47858
DDInter357,2373
DDInter361,2399
DDInter906,5657
DDInter1392,32894
DDInter1437,33253
DDInter1446,33309
DDInter1801,31914
DDInter648,2197862
DDInter786,2380373
DDInter817,2105806
DDInter822,2105845
DDInter1351,2286252
DDInter1577,2472778
DDInter1588,1873916
DDInter1676,2121085
DDInter1863,2118525
DDInter1909,1918219
DDInter1296,1592737
DDInter958,27729
DDInter1179,6857
DDInter960,5956
DDInter1428,1356552
DDInter1508,613391
DDInter1873,38685
DDInter122,18346
DDInter769,41127
DDInter1624,616739
DDInter1656,1729002
DDInter1041,6313
DDInter1525,8701
DDInter1795,10493
DDInter1747,1490468
DDInter1960,68503
DDInter503,27340
DDInter1171,6837
DDInter661,2123125
DDInter1314,31994
DDInter1170,6835
DDInter911,5690
DDInter349,2344
DDInter1307,7486
DDInter1391,7909
DDInter1107,11359
DDInter856,5224
DDInter784,828682
DDInter1350,260101
DDInter28,60223
DDInter794,41144
DDInter1849,283809
DDInter700,4177
DDInter891,5514
DDInter1468,321952
DDInter1249,42372
DDInter711,68099
DDInter1302,7442
DDInter1562,72143
DDInter234,134615
DDInter1958,69722
DDInter799,228833
DDInter1318,7597
DDInter1028,43611
DDInter10,82819
DDInter490,3131
DDInter30,141400
DDInter1332,135391
DDInter1587,9344
DDInter913,59943
DDInter1884,10869
DDInter356,2358
DDInter207,283810
DDInter1012,6146
DDInter506,275635
DDInter1655,36345
DDInter153,18603
DDInter806,4678
DDInter1040,72965
DDInter1748,83947
DDInter1754,139778
DDInter65,4126
DDInter789,282357
DDInter752,4462
DDInter377,21090
DDInter1972,40001
DDInter1049,1813
DDInter736,25025
DDInter95,84857
DDInter237,194881
DDInter751,4461
DDInter616,3743
DDInter1919,591622
DDInter1945,1537034
DDInter9,1986808
DDInter283,1656052
DDInter286,2110605
DDInter470,67109
DDInter471,78484
DDInter491,1311089
DDInter505,114934
DDInter645,67108
DDInter855,5175
DDInter1686,56466
DDInter1812,69646
DDInter1844,10691
DDInter479,283838
DDInter111,1492727
DDInter785,2044896
DDInter210,2049122
DDInter259,996051
DDInter375,274964
DDInter625,2049846
DDInter1339,4301
DDInter299,1302966
DDInter113,1056
DDInter101,314504
DDInter501,3194
DDInter899,1442981
DDInter1542,8834
DDInter1566,1535922
DDInter1719,1726988
DDInter104,1427179
DDInter969,1094833
DDInter121,18343
DDInter123,592464
DDInter200,1927851
DDInter143,2045726
DDInter287,2362165
DDInter994,2199015
DDInter1027,2256930
DDInter1039,1988648
DDInter1094,2103164
DDInter1281,1940643
DDInter1297,1918231
DDInter1484,6995
DDInter1628,1193326
DDInter1659,2289380
DDInter1153,6759
DDInter1617,805452
DDInter358,20859
DDInter370,20974
DDInter1681,56443
DDInter1883,10865
DDInter1774,10378
DDInter1491,1369713
DDInter697,4171
DDInter1779,10391
DDInter481,2180325
DDInter563,3445
DDInter626,1734628
DDInter1106,2054984
DDInter1695,1484911
DDInter1038,1731031
DDInter1449,36122
DDInter978,24909
DDInter1846,224905
DDInter1964,39937
DDInter1688,1595589
DDInter996,1649480
DDInter1001,337523
DDInter1002,1723735
DDInter530,3292
DDInter827,4832
DDInter1023,234416
DDInter1034,2272403
DDInter1379,1601374
DDInter1626,1862579
DDInter1701,1659191
DDInter1737,1545063
DDInter1111,1442132
DDInter1380,196319
DDInter988,6057
DDInter1742,2099704
DDInter1797,10473
DDInter1842,1425099
DDInter723,1433693
DDInter725,24941
DDInter726,24942
DDInter1687,261435
DDInter730,473387
DDInter174,1543543
DDInter880,5463
DDInter13,154
DDInter1044,6371
DDInter1438,8120
DDInter1573,283821
DDInter1739,2054023
DDInter612,2058509
DDInter714,2197490
DDInter1882,10864
DDInter500,993449
DDInter564,1373478
DDInter568,1606274
DDInter737,1012892
DDInter1677,997261
DDInter863,5333
DDInter1868,10803
DDInter955,5933
DDInter766,41126
DDInter1435,2183102
DDInter673,2119365
DDInter918,1314372
DDInter1560,66887
DDInter755,4491
DDInter151,18602
DDInter1301,7440
DDInter1942,11253
DDInter402,2590
DDInter1912,275891
DDInter64,2106338
DDInter131,1792776
DDInter178,134547
DDInter688,1876119
DDInter807,35825
DDInter282,1963
DDInter428,1549330
DDInter1065,42769
DDInter1308,1597876
DDInter1413,1547545
DDInter1618,2123126
DDInter1014,623400
DDInter1823,42359
DDInter1110,1999420
DDInter838,6384
DDInter1904,134404
DDInter7,1946825
DDInter735,68442
DDInter1642,69634
DDInter289,136300
DDInter148,1251
DDInter478,1721947
DDInter487,15657
DDInter630,1726104
DDInter1086,6466
DDInter1320,974779
DDInter1324,712566
DDInter1328,1855735
DDInter1502,662019
DDInter33,1232150
DDInter1757,474128
DDInter39,1727455
DDInter201,253337
DDInter1221,52769
DDInter1586,2102775
DDInter1000,2049873
DDInter1026,2105628
DDInter1376,2288236
DDInter1743,1721264
DDInter1901,2196092
DDInter634,2104604
DDInter465,2058849
DDInter713,73689
DDInter1760,1872441
DDInter1060,132889
DDInter522,42736
DDInter1345,139994
DDInter1657,2178390
DDInter585,2055755
DDInter1598,2282307
DDInter1750,2274378
DDInter1602,2166040
DDInter574,2261783
DDInter841,1734630
DDInter1240,1546433
DDInter639,1940332
DDInter1208,325887
DDInter1222,1494066
DDInter1395,1597373
DDInter1434,1298944
DDInter1931,1812935
DDInter1105,2374729
DDInter1630,1656328
DDInter1816,1670304
DDInter979,2282018
DDInter1081,42351
DDInter140,4980
DDInter674,1482502
DDInter1485,2174090
DDInter1108,1999335
DDInter17,16728
DDInter1914,31435
DDInter1741,2109055
DDInter1819,1986438
DDInter804,25544
DDInter957,5936
DDInter229,19685
DDInter146,1987398
DDInter1847,2267582
DDInter1738,2387211
DDInter1949,2265678
DDInter1959,2262435
DDInter546,22968
DDInter824,1940635
DDInter782,2044417
DDInter183,18994
DDInter1649,36314
DDInter1292,7421
DDInter1500,8597
DDInter748,4457
DDInter798,25483
DDInter1165,155080
DDInter643,139896
DDInter1503,34345
DDInter959,1426874
DDInter965,1546451
DDInter962,5967
DDInter964,27781
DDInter966,27792
DDInter967,27793
DDInter1204,6923
DDInter693,4125
DDInter1056,877015
DDInter828,1242127
DDInter793,84990
DDInter795,1364289
DDInter729,77754
DDInter1703,9945
DDInter2,1921069
DDInter264,2121416
DDInter1184,6873
DDInter1481,82088
DDInter1578,2284718
DDInter1698,2557373
DDInter1697,2121751
DDInter1329,2392230
DDInter1658,2370147
DDInter135,1218
DDInter1571,262100
DDInter1482,2049549
DDInter213,1294617
DDInter214,19476
DDInter1017,6205
DDInter1117,476818
DDInter1015,28393
DDInter1496,34296
DDInter1499,89903
DDInter1343,2362167
DDInter1216,2054252
DDInter176,2282403
DDInter337,2058826
DDInter881,5464
DDInter1603,2390935
DDInter1601,2369389
DDInter821,2265712
DDInter1288,7402
DDInter1753,1364468
DDInter926,2099289
DDInter230,2121777
DDInter318,2265702
DDInter1580,2383941
DDInter142,2272107
DDInter1415,2359268
DDInter1504,2394936
DDInter1896,2268216
DDInter1246,2099295
DDInter1129,1311500
DDInter1401,32987
DDInter193,2467540
DDInter182,2001352
DDInter253,2043855
DDInter227,2176312
DDInter277,1909
DDInter1393,1427222
DDInter1772,32915
DDInter333,1597609
DDInter719,24852
DDInter1132,616877
DDInter660,2055906
DDInter1211,1000577
DDInter1752,1540825
DDInter1057,1025342
DDInter579,82003
DDInter628,2256951
DDInter1691,235496
DDInter1218,402316
DDInter1654,9641
DDInter1270,2474039
DDInter1644,2391541
DDInter1273,31563
DDInter1341,2170226
DDInter1483,1873752
DDInter1930,2472254
DDInter1950,1939323
DDInter442,2839
DDInter1869,1313234
DDInter1495,54987
DDInter232,2387277
DDInter194,19143
DDInter80,712
DDInter261,2475077
DDInter724,2274394
DDInter968,5975
DDInter1145,2531369
DDInter1097,52177
DDInter1813,38298
DDInter801,4626
DDInter888,103468
DDInter805,4617
DDInter635,1989794
DDInter902,1148138
DDInter1575,640062
DDInter829,4845
DDInter1629,2360232
DDInter244,1546386
DDInter1551,1546425
DDInter773,15226
DDInter1877,10844
DDInter171,2387834
DDInter1694,2047628
DDInter1674,9796
DDInter443,2396442
DDInter589,1797118
DDInter920,1724429
DDInter97,341018
DDInter618,591781
DDInter1574,2107301
DDInter144,1875534
DDInter167,1441386
DDInter1367,7806
DDInter619,1371967
DDInter494,3141
DDInter308,2384449
DDInter483,1597381
DDInter1080,2479136
DDInter823,214582
DDInter1272,1723738
DDInter1820,2534233
DDInter1546,8984
DDInter185,18993
DDInter728,72901
DDInter1786,1311569
DDInter1689,9884
DDInter1310,326374
DDInter20,1191
DDInter1076,6417
DDInter542,1598
DDInter1384,392491
DDInter1699,61148
DDInter1836,38413
DDInter934,253182
DDInter1632,435
DDInter664,4021
DDInter987,6054
DDInter1346,7688
DDInter1161,6816
DDInter1187,6883
DDInter451,11248
DDInter528,8785
DDInter1921,11149
DDInter686,4109
DDInter1590,9384
DDInter1158,52582
DDInter275,47618
DDInter692,4124
DDInter439,4099
DDInter1109,54214
DDInter1782,2890
DDInter540,3353
DDInter820,325526
DDInter933,400008
DDInter1289,7405
DDInter1312,7514
DDInter45,10825
DDInter1814,10485
DDInter181,1424
DDInter103,91601
DDInter106,107044
DDInter942,5879
DDInter1190,6758
DDInter1250,42405
DDInter903,90
DDInter1445,7984
DDInter1908,73645
DDInter1362,94
DDInter1708,258326
DDInter1715,281890
DDInter1864,10798
DDInter368,2447
DDInter1591,35616
DDInter1155,9009
DDInter189,7980
DDInter311,2236
DDInter313,2238
DDInter328,2239
DDInter532,3304
DDInter1195,2181306
DDInter869,809864
DDInter1452,1546447
DDInter1006,285228
DDInter819,236809
DDInter1402,59768
DDInter1461,8308
DDInter1241,55019
DDInter50,1306128
DDInter678,214549
DDInter1651,606396
DDInter1906,11065
DDInter727,259346
DDInter746,1362737
DDInter976,5992
DDInter407,21254
DDInter70,99
DDInter449,42612
DDInter105,221062
DDInter1848,1371041
DDInter671,105694
DDInter421,253149
DDInter291,319780
DDInter417,899724
DDInter808,265647
DDInter818,285241
DDInter953,1361657
DDInter954,91535
DDInter437,1599831
DDInter1645,236344
DDInter160,221050
DDInter1127,804179
DDInter1248,798372
DDInter1625,762817
DDInter1953,804187
DDInter1063,237159
DDInter266,29365
DDInter415,798306
DDInter875,798262
DDInter1486,763096
DDInter1862,867357
DDInter1889,8948
DDInter772,227518
DDInter1561,1424174
DDInter1638,177906
DDInter555,1745257
DDInter867,1299785
DDInter206,100213
DDInter1680,1492300
DDInter1920,1986820
DDInter614,228041
DDInter1147,29503
DDInter1682,4981
DDInter559,3435
DDInter91,738
DDInter1427,20217
DDInter1684,342965
DDInter529,4850
DDInter663,4024
DDInter1892,1114883
DDInter787,1350209
DDInter803,314639
DDInter1436,2468230
DDInter420,221099
DDInter868,544488
DDInter870,1997443
DDInter877,1789837
DDInter175,89781
DDInter1911,253206
DDInter347,1309226
DDInter836,1372255
DDInter69,74
DDInter709,1670383
DDInter1944,826072
DDInter422,1426166
DDInter733,2264108
DDInter430,1546354
DDInter371,2473
DDInter446,125933
DDInter1390,1011426
DDInter372,340705
DDInter409,2596
DDInter710,1091605
DDInter620,1299924
DDInter862,1426872
DDInter739,318224
DDInter1219,259274
